InvoiceItem,OrderId,TrackId
1,1,2
2,1,4
3,2,6
4,2,8
5,2,10
6,2,12
7,3,16
8,3,20
9,3,24
10,3,28
11,3,32
12,3,36
13,4,42
14,4,48
15,4,54
16,4,60
17,4,66
18,4,72
19,4,78
20,4,84
21,4,90
22,5,99
23,5,108
24,5,117
25,5,126
26,5,135
27,5,144
28,5,153
29,5,162
30,5,171
31,5,180
32,5,189
33,5,198
34,5,207
35,5,216
36,6,230
37,7,231
38,7,232
39,8,234
40,8,236
41,9,238
42,9,240
43,9,242
44,9,244
45,10,248
46,10,252
47,10,256
48,10,260
49,10,264
50,10,268
51,11,274
52,11,280
53,11,286
54,11,292
55,11,298
56,11,304
57,11,310
58,11,316
59,11,322
60,12,331
61,12,340
62,12,349
63,12,358
64,12,367
65,12,376
66,12,385
67,12,394
68,12,403
69,12,412
70,12,421
71,12,430
72,12,439
73,12,448
74,13,462
75,14,463
76,14,464
77,15,466
78,15,468
79,16,470
80,16,472
81,16,474
82,16,476
83,17,480
84,17,484
85,17,488
86,17,492
87,17,496
88,17,500
89,18,506
90,18,512
91,18,518
92,18,524
93,18,530
94,18,536
95,18,542
96,18,548
97,18,554
98,19,563
99,19,572
100,19,581
101,19,590
102,19,599
103,19,608
104,19,617
105,19,626
106,19,635
107,19,644
108,19,653
109,19,662
110,19,671
111,19,680
112,20,694
113,21,695
114,21,696
115,22,698
116,22,700
117,23,702
118,23,704
119,23,706
120,23,708
121,24,712
122,24,716
123,24,720
124,24,724
125,24,728
126,24,732
127,25,738
128,25,744
129,25,750
130,25,756
131,25,762
132,25,768
133,25,774
134,25,780
135,25,786
136,26,795
137,26,804
138,26,813
139,26,822
140,26,831
141,26,840
142,26,849
143,26,858
144,26,867
145,26,876
146,26,885
147,26,894
148,26,903
149,26,912
150,27,926
151,28,927
152,28,928
153,29,930
154,29,932
155,30,934
156,30,936
157,30,938
158,30,940
159,31,944
160,31,948
161,31,952
162,31,956
163,31,960
164,31,964
165,32,970
166,32,976
167,32,982
168,32,988
169,32,994
170,32,1000
171,32,1006
172,32,1012
173,32,1018
174,33,1027
175,33,1036
176,33,1045
177,33,1054
178,33,1063
179,33,1072
180,33,1081
181,33,1090
182,33,1099
183,33,1108
184,33,1117
185,33,1126
186,33,1135
187,33,1144
188,34,1158
189,35,1159
190,35,1160
191,36,1162
192,36,1164
193,37,1166
194,37,1168
195,37,1170
196,37,1172
197,38,1176
198,38,1180
199,38,1184
200,38,1188
201,38,1192
202,38,1196
203,39,1202
204,39,1208
205,39,1214
206,39,1220
207,39,1226
208,39,1232
209,39,1238
210,39,1244
211,39,1250
212,40,1259
213,40,1268
214,40,1277
215,40,1286
216,40,1295
217,40,1304
218,40,1313
219,40,1322
220,40,1331
221,40,1340
222,40,1349
223,40,1358
224,40,1367
225,40,1376
226,41,1390
227,42,1391
228,42,1392
229,43,1394
230,43,1396
231,44,1398
232,44,1400
233,44,1402
234,44,1404
235,45,1408
236,45,1412
237,45,1416
238,45,1420
239,45,1424
240,45,1428
241,46,1434
242,46,1440
243,46,1446
244,46,1452
245,46,1458
246,46,1464
247,46,1470
248,46,1476
249,46,1482
250,47,1491
251,47,1500
252,47,1509
253,47,1518
254,47,1527
255,47,1536
256,47,1545
257,47,1554
258,47,1563
259,47,1572
260,47,1581
261,47,1590
262,47,1599
263,47,1608
264,48,1622
265,49,1623
266,49,1624
267,50,1626
268,50,1628
269,51,1630
270,51,1632
271,51,1634
272,51,1636
273,52,1640
274,52,1644
275,52,1648
276,52,1652
277,52,1656
278,52,1660
279,53,1666
280,53,1672
281,53,1678
282,53,1684
283,53,1690
284,53,1696
285,53,1702
286,53,1708
287,53,1714
288,54,1723
289,54,1732
290,54,1741
291,54,1750
292,54,1759
293,54,1768
294,54,1777
295,54,1786
296,54,1795
297,54,1804
298,54,1813
299,54,1822
300,54,1831
301,54,1840
302,55,1854
303,56,1855
304,56,1856
305,57,1858
306,57,1860
307,58,1862
308,58,1864
309,58,1866
310,58,1868
311,59,1872
312,59,1876
313,59,1880
314,59,1884
315,59,1888
316,59,1892
317,60,1898
318,60,1904
319,60,1910
320,60,1916
321,60,1922
322,60,1928
323,60,1934
324,60,1940
325,60,1946
326,61,1955
327,61,1964
328,61,1973
329,61,1982
330,61,1991
331,61,2000
332,61,2009
333,61,2018
334,61,2027
335,61,2036
336,61,2045
337,61,2054
338,61,2063
339,61,2072
340,62,2086
341,63,2087
342,63,2088
343,64,2090
344,64,2092
345,65,2094
346,65,2096
347,65,2098
348,65,2100
349,66,2104
350,66,2108
351,66,2112
352,66,2116
353,66,2120
354,66,2124
355,67,2130
356,67,2136
357,67,2142
358,67,2148
359,67,2154
360,67,2160
361,67,2166
362,67,2172
363,67,2178
364,68,2187
365,68,2196
366,68,2205
367,68,2214
368,68,2223
369,68,2232
370,68,2241
371,68,2250
372,68,2259
373,68,2268
374,68,2277
375,68,2286
376,68,2295
377,68,2304
378,69,2318
379,70,2319
380,70,2320
381,71,2322
382,71,2324
383,72,2326
384,72,2328
385,72,2330
386,72,2332
387,73,2336
388,73,2340
389,73,2344
390,73,2348
391,73,2352
392,73,2356
393,74,2362
394,74,2368
395,74,2374
396,74,2380
397,74,2386
398,74,2392
399,74,2398
400,74,2404
401,74,2410
402,75,2419
403,75,2428
404,75,2437
405,75,2446
406,75,2455
407,75,2464
408,75,2473
409,75,2482
410,75,2491
411,75,2500
412,75,2509
413,75,2518
414,75,2527
415,75,2536
416,76,2550
417,77,2551
418,77,2552
419,78,2554
420,78,2556
421,79,2558
422,79,2560
423,79,2562
424,79,2564
425,80,2568
426,80,2572
427,80,2576
428,80,2580
429,80,2584
430,80,2588
431,81,2594
432,81,2600
433,81,2606
434,81,2612
435,81,2618
436,81,2624
437,81,2630
438,81,2636
439,81,2642
440,82,2651
441,82,2660
442,82,2669
443,82,2678
444,82,2687
445,82,2696
446,82,2705
447,82,2714
448,82,2723
449,82,2732
450,82,2741
451,82,2750
452,82,2759
453,82,2768
454,83,2782
455,84,2783
456,84,2784
457,85,2786
458,85,2788
459,86,2790
460,86,2792
461,86,2794
462,86,2796
463,87,2800
464,87,2804
465,87,2808
466,87,2812
467,87,2816
468,87,2820
469,88,2826
470,88,2832
471,88,2838
472,88,2844
473,88,2850
474,88,2856
475,88,2862
476,88,2868
477,88,2874
478,89,2883
479,89,2892
480,89,2901
481,89,2910
482,89,2919
483,89,2928
484,89,2937
485,89,2946
486,89,2955
487,89,2964
488,89,2973
489,89,2982
490,89,2991
491,89,3000
492,90,3014
493,91,3015
494,91,3016
495,92,3018
496,92,3020
497,93,3022
498,93,3024
499,93,3026
500,93,3028
501,94,3032
502,94,3036
503,94,3040
504,94,3044
505,94,3048
506,94,3052
507,95,3058
508,95,3064
509,95,3070
510,95,3076
511,95,3082
512,95,3088
513,95,3094
514,95,3100
515,95,3106
516,96,3115
517,96,3124
518,96,3133
519,96,3142
520,96,3151
521,96,3160
522,96,3169
523,96,3178
524,96,3187
525,96,3196
526,96,3205
527,96,3214
528,96,3223
529,96,3232
530,97,3246
531,98,3247
532,98,3248
533,99,3250
534,99,3252
535,100,3254
536,100,3256
537,100,3258
538,100,3260
539,101,3264
540,101,3268
541,101,3272
542,101,3276
543,101,3280
544,101,3284
545,102,3290
546,102,3296
547,102,3302
548,102,3308
549,102,3314
550,102,3320
551,102,3326
552,102,3332
553,102,3338
554,103,3347
555,103,3356
556,103,3365
557,103,3374
558,103,3383
559,103,3392
560,103,3401
561,103,3410
562,103,3419
563,103,3428
564,103,3437
565,103,3446
566,103,3455
567,103,3464
568,104,3478
569,105,3479
570,105,3480
571,106,3482
572,106,3484
573,107,3486
574,107,3488
575,107,3490
576,107,3492
577,108,3496
578,108,3500
579,108,1
580,108,5
581,108,9
582,108,13
583,109,19
584,109,25
585,109,31
586,109,37
587,109,43
588,109,49
589,109,55
590,109,61
591,109,67
592,110,76
593,110,85
594,110,94
595,110,103
596,110,112
597,110,121
598,110,130
599,110,139
600,110,148
601,110,157
602,110,166
603,110,175
604,110,184
605,110,193
606,111,207
607,112,208
608,112,209
609,113,211
610,113,213
611,114,215
612,114,217
613,114,219
614,114,221
615,115,225
616,115,229
617,115,233
618,115,237
619,115,241
620,115,245
621,116,251
622,116,257
623,116,263
624,116,269
625,116,275
626,116,281
627,116,287
628,116,293
629,116,299
630,117,308
631,117,317
632,117,326
633,117,335
634,117,344
635,117,353
636,117,362
637,117,371
638,117,380
639,117,389
640,117,398
641,117,407
642,117,416
643,117,425
644,118,439
645,119,440
646,119,441
647,120,443
648,120,445
649,121,447
650,121,449
651,121,451
652,121,453
653,122,457
654,122,461
655,122,465
656,122,469
657,122,473
658,122,477
659,123,483
660,123,489
661,123,495
662,123,501
663,123,507
664,123,513
665,123,519
666,123,525
667,123,531
668,124,540
669,124,549
670,124,558
671,124,567
672,124,576
673,124,585
674,124,594
675,124,603
676,124,612
677,124,621
678,124,630
679,124,639
680,124,648
681,124,657
682,125,671
683,126,672
684,126,673
685,127,675
686,127,677
687,128,679
688,128,681
689,128,683
690,128,685
691,129,689
692,129,693
693,129,697
694,129,701
695,129,705
696,129,709
697,130,715
698,130,721
699,130,727
700,130,733
701,130,739
702,130,745
703,130,751
704,130,757
705,130,763
706,131,772
707,131,781
708,131,790
709,131,799
710,131,808
711,131,817
712,131,826
713,131,835
714,131,844
715,131,853
716,131,862
717,131,871
718,131,880
719,131,889
720,132,903
721,133,904
722,133,905
723,134,907
724,134,909
725,135,911
726,135,913
727,135,915
728,135,917
729,136,921
730,136,925
731,136,929
732,136,933
733,136,937
734,136,941
735,137,947
736,137,953
737,137,959
738,137,965
739,137,971
740,137,977
741,137,983
742,137,989
743,137,995
744,138,1004
745,138,1013
746,138,1022
747,138,1031
748,138,1040
749,138,1049
750,138,1058
751,138,1067
752,138,1076
753,138,1085
754,138,1094
755,138,1103
756,138,1112
757,138,1121
758,139,1135
759,140,1136
760,140,1137
761,141,1139
762,141,1141
763,142,1143
764,142,1145
765,142,1147
766,142,1149
767,143,1153
768,143,1157
769,143,1161
770,143,1165
771,143,1169
772,143,1173
773,144,1179
774,144,1185
775,144,1191
776,144,1197
777,144,1203
778,144,1209
779,144,1215
780,144,1221
781,144,1227
782,145,1236
783,145,1245
784,145,1254
785,145,1263
786,145,1272
787,145,1281
788,145,1290
789,145,1299
790,145,1308
791,145,1317
792,145,1326
793,145,1335
794,145,1344
795,145,1353
796,146,1367
797,147,1368
798,147,1369
799,148,1371
800,148,1373
801,149,1375
802,149,1377
803,149,1379
804,149,1381
805,150,1385
806,150,1389
807,150,1393
808,150,1397
809,150,1401
810,150,1405
811,151,1411
812,151,1417
813,151,1423
814,151,1429
815,151,1435
816,151,1441
817,151,1447
818,151,1453
819,151,1459
820,152,1468
821,152,1477
822,152,1486
823,152,1495
824,152,1504
825,152,1513
826,152,1522
827,152,1531
828,152,1540
829,152,1549
830,152,1558
831,152,1567
832,152,1576
833,152,1585
834,153,1599
835,154,1600
836,154,1601
837,155,1603
838,155,1605
839,156,1607
840,156,1609
841,156,1611
842,156,1613
843,157,1617
844,157,1621
845,157,1625
846,157,1629
847,157,1633
848,157,1637
849,158,1643
850,158,1649
851,158,1655
852,158,1661
853,158,1667
854,158,1673
855,158,1679
856,158,1685
857,158,1691
858,159,1700
859,159,1709
860,159,1718
861,159,1727
862,159,1736
863,159,1745
864,159,1754
865,159,1763
866,159,1772
867,159,1781
868,159,1790
869,159,1799
870,159,1808
871,159,1817
872,160,1831
873,161,1832
874,161,1833
875,162,1835
876,162,1837
877,163,1839
878,163,1841
879,163,1843
880,163,1845
881,164,1849
882,164,1853
883,164,1857
884,164,1861
885,164,1865
886,164,1869
887,165,1875
888,165,1881
889,165,1887
890,165,1893
891,165,1899
892,165,1905
893,165,1911
894,165,1917
895,165,1923
896,166,1932
897,166,1941
898,166,1950
899,166,1959
900,166,1968
901,166,1977
902,166,1986
903,166,1995
904,166,2004
905,166,2013
906,166,2022
907,166,2031
908,166,2040
909,166,2049
910,167,2063
911,168,2064
912,168,2065
913,169,2067
914,169,2069
915,170,2071
916,170,2073
917,170,2075
918,170,2077
919,171,2081
920,171,2085
921,171,2089
922,171,2093
923,171,2097
924,171,2101
925,172,2107
926,172,2113
927,172,2119
928,172,2125
929,172,2131
930,172,2137
931,172,2143
932,172,2149
933,172,2155
934,173,2164
935,173,2173
936,173,2182
937,173,2191
938,173,2200
939,173,2209
940,173,2218
941,173,2227
942,173,2236
943,173,2245
944,173,2254
945,173,2263
946,173,2272
947,173,2281
948,174,2295
949,175,2296
950,175,2297
951,176,2299
952,176,2301
953,177,2303
954,177,2305
955,177,2307
956,177,2309
957,178,2313
958,178,2317
959,178,2321
960,178,2325
961,178,2329
962,178,2333
963,179,2339
964,179,2345
965,179,2351
966,179,2357
967,179,2363
968,179,2369
969,179,2375
970,179,2381
971,179,2387
972,180,2396
973,180,2405
974,180,2414
975,180,2423
976,180,2432
977,180,2441
978,180,2450
979,180,2459
980,180,2468
981,180,2477
982,180,2486
983,180,2495
984,180,2504
985,180,2513
986,181,2527
987,182,2528
988,182,2529
989,183,2531
990,183,2533
991,184,2535
992,184,2537
993,184,2539
994,184,2541
995,185,2545
996,185,2549
997,185,2553
998,185,2557
999,185,2561
1000,185,2565
1001,186,2571
1002,186,2577
1003,186,2583
1004,186,2589
1005,186,2595
1006,186,2601
1007,186,2607
1008,186,2613
1009,186,2619
1010,187,2628
1011,187,2637
1012,187,2646
1013,187,2655
1014,187,2664
1015,187,2673
1016,187,2682
1017,187,2691
1018,187,2700
1019,187,2709
1020,187,2718
1021,187,2727
1022,187,2736
1023,187,2745
1024,188,2759
1025,189,2760
1026,189,2761
1027,190,2763
1028,190,2765
1029,191,2767
1030,191,2769
1031,191,2771
1032,191,2773
1033,192,2777
1034,192,2781
1035,192,2785
1036,192,2789
1037,192,2793
1038,192,2797
1039,193,2803
1040,193,2809
1041,193,2815
1042,193,2821
1043,193,2827
1044,193,2833
1045,193,2839
1046,193,2845
1047,193,2851
1048,194,2860
1049,194,2869
1050,194,2878
1051,194,2887
1052,194,2896
1053,194,2905
1054,194,2914
1055,194,2923
1056,194,2932
1057,194,2941
1058,194,2950
1059,194,2959
1060,194,2968
1061,194,2977
1062,195,2991
1063,196,2992
1064,196,2993
1065,197,2995
1066,197,2997
1067,198,2999
1068,198,3001
1069,198,3003
1070,198,3005
1071,199,3009
1072,199,3013
1073,199,3017
1074,199,3021
1075,199,3025
1076,199,3029
1077,200,3035
1078,200,3041
1079,200,3047
1080,200,3053
1081,200,3059
1082,200,3065
1083,200,3071
1084,200,3077
1085,200,3083
1086,201,3092
1087,201,3101
1088,201,3110
1089,201,3119
1090,201,3128
1091,201,3137
1092,201,3146
1093,201,3155
1094,201,3164
1095,201,3173
1096,201,3182
1097,201,3191
1098,201,3200
1099,201,3209
1100,202,3223
1101,203,3224
1102,203,3225
1103,204,3227
1104,204,3229
1105,205,3231
1106,205,3233
1107,205,3235
1108,205,3237
1109,206,3241
1110,206,3245
1111,206,3249
1112,206,3253
1113,206,3257
1114,206,3261
1115,207,3267
1116,207,3273
1117,207,3279
1118,207,3285
1119,207,3291
1120,207,3297
1121,207,3303
1122,207,3309
1123,207,3315
1124,208,3324
1125,208,3333
1126,208,3342
1127,208,3351
1128,208,3360
1129,208,3369
1130,208,3378
1131,208,3387
1132,208,3396
1133,208,3405
1134,208,3414
1135,208,3423
1136,208,3432
1137,208,3441
1138,209,3455
1139,210,3456
1140,210,3457
1141,211,3459
1142,211,3461
1143,212,3463
1144,212,3465
1145,212,3467
1146,212,3469
1147,213,3473
1148,213,3477
1149,213,3481
1150,213,3485
1151,213,3489
1152,213,3493
1153,214,3499
1154,214,2
1155,214,8
1156,214,14
1157,214,20
1158,214,26
1159,214,32
1160,214,38
1161,214,44
1162,215,53
1163,215,62
1164,215,71
1165,215,80
1166,215,89
1167,215,98
1168,215,107
1169,215,116
1170,215,125
1171,215,134
1172,215,143
1173,215,152
1174,215,161
1175,215,170
1176,216,184
1177,217,185
1178,217,186
1179,218,188
1180,218,190
1181,219,192
1182,219,194
1183,219,196
1184,219,198
1185,220,202
1186,220,206
1187,220,210
1188,220,214
1189,220,218
1190,220,222
1191,221,228
1192,221,234
1193,221,240
1194,221,246
1195,221,252
1196,221,258
1197,221,264
1198,221,270
1199,221,276
1200,222,285
1201,222,294
1202,222,303
1203,222,312
1204,222,321
1205,222,330
1206,222,339
1207,222,348
1208,222,357
1209,222,366
1210,222,375
1211,222,384
1212,222,393
1213,222,402
1214,223,416
1215,224,417
1216,224,418
1217,225,420
1218,225,422
1219,226,424
1220,226,426
1221,226,428
1222,226,430
1223,227,434
1224,227,438
1225,227,442
1226,227,446
1227,227,450
1228,227,454
1229,228,460
1230,228,466
1231,228,472
1232,228,478
1233,228,484
1234,228,490
1235,228,496
1236,228,502
1237,228,508
1238,229,517
1239,229,526
1240,229,535
1241,229,544
1242,229,553
1243,229,562
1244,229,571
1245,229,580
1246,229,589
1247,229,598
1248,229,607
1249,229,616
1250,229,625
1251,229,634
1252,230,648
1253,231,649
1254,231,650
1255,232,652
1256,232,654
1257,233,656
1258,233,658
1259,233,660
1260,233,662
1261,234,666
1262,234,670
1263,234,674
1264,234,678
1265,234,682
1266,234,686
1267,235,692
1268,235,698
1269,235,704
1270,235,710
1271,235,716
1272,235,722
1273,235,728
1274,235,734
1275,235,740
1276,236,749
1277,236,758
1278,236,767
1279,236,776
1280,236,785
1281,236,794
1282,236,803
1283,236,812
1284,236,821
1285,236,830
1286,236,839
1287,236,848
1288,236,857
1289,236,866
1290,237,880
1291,238,881
1292,238,882
1293,239,884
1294,239,886
1295,240,888
1296,240,890
1297,240,892
1298,240,894
1299,241,898
1300,241,902
1301,241,906
1302,241,910
1303,241,914
1304,241,918
1305,242,924
1306,242,930
1307,242,936
1308,242,942
1309,242,948
1310,242,954
1311,242,960
1312,242,966
1313,242,972
1314,243,981
1315,243,990
1316,243,999
1317,243,1008
1318,243,1017
1319,243,1026
1320,243,1035
1321,243,1044
1322,243,1053
1323,243,1062
1324,243,1071
1325,243,1080
1326,243,1089
1327,243,1098
1328,244,1112
1329,245,1113
1330,245,1114
1331,246,1116
1332,246,1118
1333,247,1120
1334,247,1122
1335,247,1124
1336,247,1126
1337,248,1130
1338,248,1134
1339,248,1138
1340,248,1142
1341,248,1146
1342,248,1150
1343,249,1156
1344,249,1162
1345,249,1168
1346,249,1174
1347,249,1180
1348,249,1186
1349,249,1192
1350,249,1198
1351,249,1204
1352,250,1213
1353,250,1222
1354,250,1231
1355,250,1240
1356,250,1249
1357,250,1258
1358,250,1267
1359,250,1276
1360,250,1285
1361,250,1294
1362,250,1303
1363,250,1312
1364,250,1321
1365,250,1330
1366,251,1344
1367,252,1345
1368,252,1346
1369,253,1348
1370,253,1350
1371,254,1352
1372,254,1354
1373,254,1356
1374,254,1358
1375,255,1362
1376,255,1366
1377,255,1370
1378,255,1374
1379,255,1378
1380,255,1382
1381,256,1388
1382,256,1394
1383,256,1400
1384,256,1406
1385,256,1412
1386,256,1418
1387,256,1424
1388,256,1430
1389,256,1436
1390,257,1445
1391,257,1454
1392,257,1463
1393,257,1472
1394,257,1481
1395,257,1490
1396,257,1499
1397,257,1508
1398,257,1517
1399,257,1526
1400,257,1535
1401,257,1544
1402,257,1553
1403,257,1562
1404,258,1576
1405,259,1577
1406,259,1578
1407,260,1580
1408,260,1582
1409,261,1584
1410,261,1586
1411,261,1588
1412,261,1590
1413,262,1594
1414,262,1598
1415,262,1602
1416,262,1606
1417,262,1610
1418,262,1614
1419,263,1620
1420,263,1626
1421,263,1632
1422,263,1638
1423,263,1644
1424,263,1650
1425,263,1656
1426,263,1662
1427,263,1668
1428,264,1677
1429,264,1686
1430,264,1695
1431,264,1704
1432,264,1713
1433,264,1722
1434,264,1731
1435,264,1740
1436,264,1749
1437,264,1758
1438,264,1767
1439,264,1776
1440,264,1785
1441,264,1794
1442,265,1808
1443,266,1809
1444,266,1810
1445,267,1812
1446,267,1814
1447,268,1816
1448,268,1818
1449,268,1820
1450,268,1822
1451,269,1826
1452,269,1830
1453,269,1834
1454,269,1838
1455,269,1842
1456,269,1846
1457,270,1852
1458,270,1858
1459,270,1864
1460,270,1870
1461,270,1876
1462,270,1882
1463,270,1888
1464,270,1894
1465,270,1900
1466,271,1909
1467,271,1918
1468,271,1927
1469,271,1936
1470,271,1945
1471,271,1954
1472,271,1963
1473,271,1972
1474,271,1981
1475,271,1990
1476,271,1999
1477,271,2008
1478,271,2017
1479,271,2026
1480,272,2040
1481,273,2041
1482,273,2042
1483,274,2044
1484,274,2046
1485,275,2048
1486,275,2050
1487,275,2052
1488,275,2054
1489,276,2058
1490,276,2062
1491,276,2066
1492,276,2070
1493,276,2074
1494,276,2078
1495,277,2084
1496,277,2090
1497,277,2096
1498,277,2102
1499,277,2108
1500,277,2114
1501,277,2120
1502,277,2126
1503,277,2132
1504,278,2141
1505,278,2150
1506,278,2159
1507,278,2168
1508,278,2177
1509,278,2186
1510,278,2195
1511,278,2204
1512,278,2213
1513,278,2222
1514,278,2231
1515,278,2240
1516,278,2249
1517,278,2258
1518,279,2272
1519,280,2273
1520,280,2274
1521,281,2276
1522,281,2278
1523,282,2280
1524,282,2282
1525,282,2284
1526,282,2286
1527,283,2290
1528,283,2294
1529,283,2298
1530,283,2302
1531,283,2306
1532,283,2310
1533,284,2316
1534,284,2322
1535,284,2328
1536,284,2334
1537,284,2340
1538,284,2346
1539,284,2352
1540,284,2358
1541,284,2364
1542,285,2373
1543,285,2382
1544,285,2391
1545,285,2400
1546,285,2409
1547,285,2418
1548,285,2427
1549,285,2436
1550,285,2445
1551,285,2454
1552,285,2463
1553,285,2472
1554,285,2481
1555,285,2490
1556,286,2504
1557,287,2505
1558,287,2506
1559,288,2508
1560,288,2510
1561,289,2512
1562,289,2514
1563,289,2516
1564,289,2518
1565,290,2522
1566,290,2526
1567,290,2530
1568,290,2534
1569,290,2538
1570,290,2542
1571,291,2548
1572,291,2554
1573,291,2560
1574,291,2566
1575,291,2572
1576,291,2578
1577,291,2584
1578,291,2590
1579,291,2596
1580,292,2605
1581,292,2614
1582,292,2623
1583,292,2632
1584,292,2641
1585,292,2650
1586,292,2659
1587,292,2668
1588,292,2677
1589,292,2686
1590,292,2695
1591,292,2704
1592,292,2713
1593,292,2722
1594,293,2736
1595,294,2737
1596,294,2738
1597,295,2740
1598,295,2742
1599,296,2744
1600,296,2746
1601,296,2748
1602,296,2750
1603,297,2754
1604,297,2758
1605,297,2762
1606,297,2766
1607,297,2770
1608,297,2774
1609,298,2780
1610,298,2786
1611,298,2792
1612,298,2798
1613,298,2804
1614,298,2810
1615,298,2816
1616,298,2822
1617,298,2828
1618,299,2837
1619,299,2846
1620,299,2855
1621,299,2864
1622,299,2873
1623,299,2882
1624,299,2891
1625,299,2900
1626,299,2909
1627,299,2918
1628,299,2927
1629,299,2936
1630,299,2945
1631,299,2954
1632,300,2968
1633,301,2969
1634,301,2970
1635,302,2972
1636,302,2974
1637,303,2976
1638,303,2978
1639,303,2980
1640,303,2982
1641,304,2986
1642,304,2990
1643,304,2994
1644,304,2998
1645,304,3002
1646,304,3006
1647,305,3012
1648,305,3018
1649,305,3024
1650,305,3030
1651,305,3036
1652,305,3042
1653,305,3048
1654,305,3054
1655,305,3060
1656,306,3069
1657,306,3078
1658,306,3087
1659,306,3096
1660,306,3105
1661,306,3114
1662,306,3123
1663,306,3132
1664,306,3141
1665,306,3150
1666,306,3159
1667,306,3168
1668,306,3177
1669,306,3186
1670,307,3200
1671,308,3201
1672,308,3202
1673,309,3204
1674,309,3206
1675,310,3208
1676,310,3210
1677,310,3212
1678,310,3214
1679,311,3218
1680,311,3222
1681,311,3226
1682,311,3230
1683,311,3234
1684,311,3238
1685,312,3244
1686,312,3250
1687,312,3256
1688,312,3262
1689,312,3268
1690,312,3274
1691,312,3280
1692,312,3286
1693,312,3292
1694,313,3301
1695,313,3310
1696,313,3319
1697,313,3328
1698,313,3337
1699,313,3346
1700,313,3355
1701,313,3364
1702,313,3373
1703,313,3382
1704,313,3391
1705,313,3400
1706,313,3409
1707,313,3418
1708,314,3432
1709,315,3433
1710,315,3434
1711,316,3436
1712,316,3438
1713,317,3440
1714,317,3442
1715,317,3444
1716,317,3446
1717,318,3450
1718,318,3454
1719,318,3458
1720,318,3462
1721,318,3466
1722,318,3470
1723,319,3476
1724,319,3482
1725,319,3488
1726,319,3494
1727,319,3500
1728,319,3
1729,319,9
1730,319,15
1731,319,21
1732,320,30
1733,320,39
1734,320,48
1735,320,57
1736,320,66
1737,320,75
1738,320,84
1739,320,93
1740,320,102
1741,320,111
1742,320,120
1743,320,129
1744,320,138
1745,320,147
1746,321,161
1747,322,162
1748,322,163
1749,323,165
1750,323,167
1751,324,169
1752,324,171
1753,324,173
1754,324,175
1755,325,179
1756,325,183
1757,325,187
1758,325,191
1759,325,195
1760,325,199
1761,326,205
1762,326,211
1763,326,217
1764,326,223
1765,326,229
1766,326,235
1767,326,241
1768,326,247
1769,326,253
1770,327,262
1771,327,271
1772,327,280
1773,327,289
1774,327,298
1775,327,307
1776,327,316
1777,327,325
1778,327,334
1779,327,343
1780,327,352
1781,327,361
1782,327,370
1783,327,379
1784,328,393
1785,329,394
1786,329,395
1787,330,397
1788,330,399
1789,331,401
1790,331,403
1791,331,405
1792,331,407
1793,332,411
1794,332,415
1795,332,419
1796,332,423
1797,332,427
1798,332,431
1799,333,437
1800,333,443
1801,333,449
1802,333,455
1803,333,461
1804,333,467
1805,333,473
1806,333,479
1807,333,485
1808,334,494
1809,334,503
1810,334,512
1811,334,521
1812,334,530
1813,334,539
1814,334,548
1815,334,557
1816,334,566
1817,334,575
1818,334,584
1819,334,593
1820,334,602
1821,334,611
1822,335,625
1823,336,626
1824,336,627
1825,337,629
1826,337,631
1827,338,633
1828,338,635
1829,338,637
1830,338,639
1831,339,643
1832,339,647
1833,339,651
1834,339,655
1835,339,659
1836,339,663
1837,340,669
1838,340,675
1839,340,681
1840,340,687
1841,340,693
1842,340,699
1843,340,705
1844,340,711
1845,340,717
1846,341,726
1847,341,735
1848,341,744
1849,341,753
1850,341,762
1851,341,771
1852,341,780
1853,341,789
1854,341,798
1855,341,807
1856,341,816
1857,341,825
1858,341,834
1859,341,843
1860,342,857
1861,343,858
1862,343,859
1863,344,861
1864,344,863
1865,345,865
1866,345,867
1867,345,869
1868,345,871
1869,346,875
1870,346,879
1871,346,883
1872,346,887
1873,346,891
1874,346,895
1875,347,901
1876,347,907
1877,347,913
1878,347,919
1879,347,925
1880,347,931
1881,347,937
1882,347,943
1883,347,949
1884,348,958
1885,348,967
1886,348,976
1887,348,985
1888,348,994
1889,348,1003
1890,348,1012
1891,348,1021
1892,348,1030
1893,348,1039
1894,348,1048
1895,348,1057
1896,348,1066
1897,348,1075
1898,349,1089
1899,350,1090
1900,350,1091
1901,351,1093
1902,351,1095
1903,352,1097
1904,352,1099
1905,352,1101
1906,352,1103
1907,353,1107
1908,353,1111
1909,353,1115
1910,353,1119
1911,353,1123
1912,353,1127
1913,354,1133
1914,354,1139
1915,354,1145
1916,354,1151
1917,354,1157
1918,354,1163
1919,354,1169
1920,354,1175
1921,354,1181
1922,355,1190
1923,355,1199
1924,355,1208
1925,355,1217
1926,355,1226
1927,355,1235
1928,355,1244
1929,355,1253
1930,355,1262
1931,355,1271
1932,355,1280
1933,355,1289
1934,355,1298
1935,355,1307
1936,356,1321
1937,357,1322
1938,357,1323
1939,358,1325
1940,358,1327
1941,359,1329
1942,359,1331
1943,359,1333
1944,359,1335
1945,360,1339
1946,360,1343
1947,360,1347
1948,360,1351
1949,360,1355
1950,360,1359
1951,361,1365
1952,361,1371
1953,361,1377
1954,361,1383
1955,361,1389
1956,361,1395
1957,361,1401
1958,361,1407
1959,361,1413
1960,362,1422
1961,362,1431
1962,362,1440
1963,362,1449
1964,362,1458
1965,362,1467
1966,362,1476
1967,362,1485
1968,362,1494
1969,362,1503
1970,362,1512
1971,362,1521
1972,362,1530
1973,362,1539
1974,363,1553
1975,364,1554
1976,364,1555
1977,365,1557
1978,365,1559
1979,366,1561
1980,366,1563
1981,366,1565
1982,366,1567
1983,367,1571
1984,367,1575
1985,367,1579
1986,367,1583
1987,367,1587
1988,367,1591
1989,368,1597
1990,368,1603
1991,368,1609
1992,368,1615
1993,368,1621
1994,368,1627
1995,368,1633
1996,368,1639
1997,368,1645
1998,369,1654
1999,369,1663
2000,369,1672
2001,369,1681
2002,369,1690
2003,369,1699
2004,369,1708
2005,369,1717
2006,369,1726
2007,369,1735
2008,369,1744
2009,369,1753
2010,369,1762
2011,369,1771
2012,370,1785
2013,371,1786
2014,371,1787
2015,372,1789
2016,372,1791
2017,373,1793
2018,373,1795
2019,373,1797
2020,373,1799
2021,374,1803
2022,374,1807
2023,374,1811
2024,374,1815
2025,374,1819
2026,374,1823
2027,375,1829
2028,375,1835
2029,375,1841
2030,375,1847
2031,375,1853
2032,375,1859
2033,375,1865
2034,375,1871
2035,375,1877
2036,376,1886
2037,376,1895
2038,376,1904
2039,376,1913
2040,376,1922
2041,376,1931
2042,376,1940
2043,376,1949
2044,376,1958
2045,376,1967
2046,376,1976
2047,376,1985
2048,376,1994
2049,376,2003
2050,377,2017
2051,378,2018
2052,378,2019
2053,379,2021
2054,379,2023
2055,380,2025
2056,380,2027
2057,380,2029
2058,380,2031
2059,381,2035
2060,381,2039
2061,381,2043
2062,381,2047
2063,381,2051
2064,381,2055
2065,382,2061
2066,382,2067
2067,382,2073
2068,382,2079
2069,382,2085
2070,382,2091
2071,382,2097
2072,382,2103
2073,382,2109
2074,383,2118
2075,383,2127
2076,383,2136
2077,383,2145
2078,383,2154
2079,383,2163
2080,383,2172
2081,383,2181
2082,383,2190
2083,383,2199
2084,383,2208
2085,383,2217
2086,383,2226
2087,383,2235
2088,384,2249
2089,385,2250
2090,385,2251
2091,386,2253
2092,386,2255
2093,387,2257
2094,387,2259
2095,387,2261
2096,387,2263
2097,388,2267
2098,388,2271
2099,388,2275
2100,388,2279
2101,388,2283
2102,388,2287
2103,389,2293
2104,389,2299
2105,389,2305
2106,389,2311
2107,389,2317
2108,389,2323
2109,389,2329
2110,389,2335
2111,389,2341
2112,390,2350
2113,390,2359
2114,390,2368
2115,390,2377
2116,390,2386
2117,390,2395
2118,390,2404
2119,390,2413
2120,390,2422
2121,390,2431
2122,390,2440
2123,390,2449
2124,390,2458
2125,390,2467
2126,391,2481
2127,392,2482
2128,392,2483
2129,393,2485
2130,393,2487
2131,394,2489
2132,394,2491
2133,394,2493
2134,394,2495
2135,395,2499
2136,395,2503
2137,395,2507
2138,395,2511
2139,395,2515
2140,395,2519
2141,396,2525
2142,396,2531
2143,396,2537
2144,396,2543
2145,396,2549
2146,396,2555
2147,396,2561
2148,396,2567
2149,396,2573
2150,397,2582
2151,397,2591
2152,397,2600
2153,397,2609
2154,397,2618
2155,397,2627
2156,397,2636
2157,397,2645
2158,397,2654
2159,397,2663
2160,397,2672
2161,397,2681
2162,397,2690
2163,397,2699
2164,398,2713
2165,399,2714
2166,399,2715
2167,400,2717
2168,400,2719
2169,401,2721
2170,401,2723
2171,401,2725
2172,401,2727
2173,402,2731
2174,402,2735
2175,402,2739
2176,402,2743
2177,402,2747
2178,402,2751
2179,403,2757
2180,403,2763
2181,403,2769
2182,403,2775
2183,403,2781
2184,403,2787
2185,403,2793
2186,403,2799
2187,403,2805
2188,404,2814
2189,404,2823
2190,404,2832
2191,404,2841
2192,404,2850
2193,404,2859
2194,404,2868
2195,404,2877
2196,404,2886
2197,404,2895
2198,404,2904
2199,404,2913
2200,404,2922
2201,404,2931
2202,405,2945
2203,406,2946
2204,406,2947
2205,407,2949
2206,407,2951
2207,408,2953
2208,408,2955
2209,408,2957
2210,408,2959
2211,409,2963
2212,409,2967
2213,409,2971
2214,409,2975
2215,409,2979
2216,409,2983
2217,410,2989
2218,410,2995
2219,410,3001
2220,410,3007
2221,410,3013
2222,410,3019
2223,410,3025
2224,410,3031
2225,410,3037
2226,411,3046
2227,411,3055
2228,411,3064
2229,411,3073
2230,411,3082
2231,411,3091
2232,411,3100
2233,411,3109
2234,411,3118
2235,411,3127
2236,411,3136
2237,411,3145
2238,411,3154
2239,411,3163
2240,412,3177
